Keyword,Chinese Meaning,Keyword Type,Search Intent,Target Customer,Target Page,SEO Priority,Suggested Page Title,Suggested H1,Suggested Meta Description,Content Angle,Volume/KD/CPC
banquet hall design,宴会厅设计,Core service,Commercial,"Hotel owners; investors",/services/banquet-hall-design-construction,High,Banquet Hall Design & Construction Company,Banquet Hall Design for High-Value Venue Projects,"One-stop banquet hall design, procurement, construction, lighting and AV integration for hotels and wedding venues.",Design capability + project delivery,TBD
banquet hall construction,宴会厅施工,Core service,Transactional,"Developers; contractors",/services/banquet-hall-design-construction,High,Banquet Hall Construction Company,Banquet Hall Construction and Project Delivery,"Build functional, premium banquet halls with integrated interior, MEP, lighting, AV and site coordination.",Construction scope + contractor trust,TBD
banquet hall design and construction,宴会厅设计施工,Core service,Transactional,"Investors; EPC firms",/services/banquet-hall-design-construction,High,Banquet Hall Design and Construction Services,Banquet Hall Design and Construction Services,"From concept design to procurement and construction, we deliver banquet hall projects for overseas markets.",One-stop service,TBD
banquet hall EPC solution,宴会厅EPC解决方案,EPC / turnkey,Transactional,"EPC companies; developers",/services/banquet-hall-epc-solution,High,Banquet Hall EPC Solution,Banquet Hall EPC Solution for Overseas Projects,"Integrated engineering, procurement and construction support for banquet hall and ballroom projects.",EPC capability and overseas delivery,TBD
turnkey banquet hall solution,宴会厅交钥匙解决方案,EPC / turnkey,Transactional,"Investors; hotel groups",/services/turnkey-banquet-hall-solution,High,Turnkey Banquet Hall Solution,Turnkey Banquet Hall Solution,"Complete banquet hall solution covering design, materials, lighting, AV, furniture, construction and handover.",Turnkey convenience,TBD
wedding banquet hall design,婚礼宴会厅设计,Wedding venue,Commercial,Wedding venue operators,/services/luxury-wedding-banquet-hall-design,High,Wedding Banquet Hall Design Company,Wedding Banquet Hall Design,"Create premium wedding banquet halls with memorable ceilings, stages, lighting, layouts and guest experience.",Wedding revenue and visual impact,TBD
luxury banquet hall design,豪华宴会厅设计,Design style,Commercial,Premium investors,/services/luxury-wedding-banquet-hall-design,High,Luxury Banquet Hall Design,Luxury Banquet Hall Design for Premium Venues,"Luxury banquet hall interior design with ceiling, lighting, stage, furniture and AV coordination.",Premium visual positioning,TBD
hotel ballroom design,酒店宴会厅设计,Hotel ballroom,Commercial,Hotel owners,/services/hotel-ballroom-design,High,Hotel Ballroom Design Services,Hotel Ballroom Design for Hotels and Resorts,"Design elegant, flexible hotel ballrooms for weddings, conferences, banquets and MICE events.",Multi-use revenue,TBD
hotel ballroom renovation,酒店宴会厅翻新,Renovation,Transactional,Hotel owners,/services/hotel-ballroom-renovation,High,Hotel Ballroom Renovation Contractor,Hotel Ballroom Renovation Services,"Renovate old hotel ballrooms with upgraded interiors, lighting, AV, ceilings and guest flow.",Downtime ROI modernization,TBD
wedding venue design and build,婚礼场地设计施工,Wedding venue,Transactional,Venue investors,/services/wedding-venue-design-build,High,Wedding Venue Design and Build Services,Wedding Venue Design and Build,"Design and build wedding venues from concept to handover for investors and operators.",Investor-ready project delivery,TBD
banquet hall interior design,宴会厅室内设计,Design service,Commercial,"Interior firms; owners",/services/banquet-hall-interior-design,High,Banquet Hall Interior Design,Banquet Hall Interior Design,"Interior design for banquet halls including layout, ceiling, wall finishes, lighting, furniture and stage.",Full interior scope,TBD
ballroom interior design,宴会厅室内设计,Design service,Commercial,"Hotels; resorts",/services/hotel-ballroom-design,Medium,Ballroom Interior Design,Ballroom Interior Design for Hotels,"Premium ballroom interior design for weddings, corporate events and hotel MICE spaces.",Hotel-oriented design,TBD
banquet hall lighting design,宴会厅灯光设计,Lighting / AV,Commercial,Venue operators,/services/banquet-hall-lighting-av-system,High,Banquet Hall Lighting Design,Banquet Hall Lighting Design,"Layered lighting design for wedding halls, hotel ballrooms and multifunction banquet venues.",Atmosphere + system integration,TBD
banquet hall lighting and AV system,宴会厅灯光音响系统,Lighting / AV,Transactional,"Contractors; owners",/services/banquet-hall-lighting-av-system,High,Banquet Hall Lighting and AV System,Banquet Hall Lighting and AV System Integration,"Integrated lighting, sound, LED screen, control and AV systems for banquet hall projects.",Technical integration,TBD
wedding hall stage design,婚礼厅舞台设计,Design detail,Commercial,Wedding venue operators,/blog/wedding-hall-stage-design,Medium,Wedding Hall Stage Design Ideas,Wedding Hall Stage Design Ideas,"Stage design ideas for luxury wedding halls, including backdrop, lighting, LED screen and circulation.",Visual inspiration + lead capture,TBD
banquet hall ceiling design,宴会厅天花设计,Design detail,Commercial,"Owners; designers",/blog/banquet-hall-ceiling-design,Medium,Banquet Hall Ceiling Design Ideas,Banquet Hall Ceiling Design Ideas,"Ceiling design ideas for banquet halls, including chandeliers, lighting layers, acoustic and MEP coordination.",Image-rich topic,TBD
banquet hall design company,宴会厅设计公司,Commercial,Commercial,Vendor comparison buyers,/services/banquet-hall-design-company,High,Banquet Hall Design Company,Banquet Hall Design Company,"Work with a banquet hall design company that understands layout, interiors, procurement and construction.",Vendor selection,TBD
wedding venue design company,婚礼场地设计公司,Commercial,Commercial,Wedding venue investors,/services/wedding-venue-design-company,High,Wedding Venue Design Company,Wedding Venue Design Company,"Wedding venue design company for investors building premium halls, resorts and event spaces.",Buyer trust,TBD
ballroom renovation contractor,宴会厅翻新承包商,Contractor,Transactional,Hotel owners,/services/ballroom-renovation-contractor,High,Ballroom Renovation Contractor,Ballroom Renovation Contractor,"Renovation contractor for hotel ballrooms and banquet halls, covering design, finishes, lighting and AV.",Contractor intent,TBD
banquet hall contractor,宴会厅承包商,Contractor,Transactional,Developers,/services/banquet-hall-contractor,Medium,Banquet Hall Contractor,Banquet Hall Contractor for Design-Build Projects,"Banquet hall contractor support for design-build, interior fit-out, procurement and project delivery.",Contractor comparison,TBD
banquet hall design Malaysia,马来西亚宴会厅设计,Location,Commercial,Malaysia investors,/markets/banquet-hall-design-malaysia,High,Banquet Hall Design Malaysia,Banquet Hall Design in Malaysia,"Banquet hall design and construction support for Malaysia hotel, wedding venue and event center projects.",Localized market page,TBD
wedding venue design Malaysia,马来西亚婚礼场地设计,Location,Commercial,Malaysia wedding venue operators,/markets/wedding-venue-design-malaysia,High,Wedding Venue Design Malaysia,Wedding Venue Design in Malaysia,"Wedding venue design, lighting, interiors and turnkey project support for Malaysia investors.",Malaysia wedding market,TBD
hotel ballroom renovation Malaysia,马来西亚酒店宴会厅翻新,Location,Transactional,Malaysia hotels,/markets/hotel-ballroom-renovation-malaysia,High,Hotel Ballroom Renovation Malaysia,Hotel Ballroom Renovation in Malaysia,"Renovation solution for Malaysian hotel ballrooms, including interior upgrade, lighting, AV and layout.",Hotel upgrade pain point,TBD
banquet hall design UAE,阿联酋宴会厅设计,Location,Commercial,UAE developers,/markets/banquet-hall-design-uae,High,Banquet Hall Design UAE,Banquet Hall Design in UAE,"Banquet hall design and turnkey delivery for UAE hotels, wedding venues and event spaces.",Premium market,TBD
banquet hall construction UAE,阿联酋宴会厅施工,Location,Transactional,UAE contractors,/markets/banquet-hall-construction-uae,High,Banquet Hall Construction UAE,Banquet Hall Construction in UAE,"Construction and procurement support for banquet hall and ballroom projects in the UAE.",Contractor + procurement,TBD
wedding hall design Saudi Arabia,沙特婚礼厅设计,Location,Commercial,Saudi investors,/markets/wedding-hall-design-saudi-arabia,High,Wedding Hall Design Saudi Arabia,Wedding Hall Design in Saudi Arabia,"Luxury wedding hall design and turnkey project solution for Saudi Arabia venue investors.",Luxury wedding demand,TBD
banquet hall EPC contractor Kazakhstan,哈萨克斯坦宴会厅EPC承包商,Location / EPC,Transactional,"EPC firms; investors",/markets/banquet-hall-epc-kazakhstan,Medium,Banquet Hall EPC Contractor Kazakhstan,Banquet Hall EPC Contractor in Kazakhstan,"EPC and turnkey support for banquet hall projects in Kazakhstan and Central Asia.",Central Asia delivery,TBD
wedding hall design Uzbekistan,乌兹别克斯坦婚礼厅设计,Location,Commercial,Uzbekistan venue owners,/markets/wedding-hall-design-uzbekistan,Medium,Wedding Hall Design Uzbekistan,Wedding Hall Design in Uzbekistan,"Wedding hall design, procurement and construction support for Uzbekistan venue projects.",Emerging market page,TBD
banquet hall design cost,宴会厅设计费用,Cost / blog,Informational,Investors budgeting,/blog/banquet-hall-design-cost,High,Banquet Hall Design Cost Guide,Banquet Hall Design Cost Guide,"Learn what affects banquet hall design cost, including size, interior grade, lighting, AV and construction scope.",Budget education,TBD
hotel ballroom renovation cost,酒店宴会厅翻新费用,Cost / blog,Informational,Hotel owners,/blog/hotel-ballroom-renovation-cost,High,Hotel Ballroom Renovation Cost Guide,Hotel Ballroom Renovation Cost Guide,"Understand hotel ballroom renovation cost drivers, scope, downtime, materials and system upgrades.",Buyer pain point,TBD
how to build a banquet hall,如何建造宴会厅,Blog,Informational,First-time investors,/blog/how-to-build-a-banquet-hall,Medium,How to Build a Banquet Hall,How to Build a Banquet Hall,"Step-by-step guide to banquet hall planning, design, permits, procurement, construction and opening.",Investor education,TBD
how to renovate an old ballroom,如何翻新旧宴会厅,Blog,Informational,Hotel owners,/blog/how-to-renovate-old-ballroom,Medium,How to Renovate an Old Ballroom,How to Renovate an Old Ballroom,"A practical guide to renovating old hotel ballrooms without losing event revenue.",Renovation process,TBD
banquet hall layout ideas,宴会厅布局方案,Blog,Informational,Venue operators,/blog/banquet-hall-layout-ideas,Medium,Banquet Hall Layout Ideas,Banquet Hall Layout Ideas,"Layout ideas for banquet halls, including seating, stage, kitchen access, circulation and flexible event setups.",Planning content,TBD
luxury wedding hall design ideas,豪华婚礼厅设计灵感,Blog,Informational,"Investors; designers",/blog/luxury-wedding-hall-design-ideas,Medium,Luxury Wedding Hall Design Ideas,Luxury Wedding Hall Design Ideas,"Luxury wedding hall design ideas for ceilings, chandeliers, stages, lighting and guest experience.",Visual SEO,TBD
