Page,URL,Primary Keyword,Secondary Keywords,Search Intent,Main CTA,Phase
Home,/,banquet hall design and construction,"turnkey banquet hall solution; banquet hall EPC solution; hotel ballroom renovation",Commercial,Request Free Design Proposal,1
Services,/services,banquet hall services,"banquet hall design; construction; renovation; lighting AV",Commercial,Explore Services,1
Banquet Hall Design & Construction,/services/banquet-hall-design-construction,banquet hall design and construction,"banquet hall design; banquet hall construction; banquet hall contractor",Transactional,Get Project Quotation,1
Banquet Hall EPC Solution,/services/banquet-hall-epc-solution,banquet hall EPC solution,"banquet hall EPC contractor; overseas project delivery",Transactional,Talk to EPC Team,1
Turnkey Banquet Hall Solution,/services/turnkey-banquet-hall-solution,turnkey banquet hall solution,"design procurement construction handover; turnkey wedding hall",Transactional,Request Turnkey Proposal,1
Luxury Wedding Banquet Hall Design,/services/luxury-wedding-banquet-hall-design,wedding banquet hall design,"luxury banquet hall design; wedding hall interior design",Commercial,Request Design Concept,1
Hotel Ballroom Renovation,/services/hotel-ballroom-renovation,hotel ballroom renovation,"ballroom renovation contractor; hotel ballroom redesign",Transactional,Get Renovation Plan,1
Lighting AV Smart System,/services/banquet-hall-lighting-av-system,banquet hall lighting and AV system,"wedding hall lighting design; banquet hall sound system",Commercial,Discuss AV Plan,1
Projects,/projects,banquet hall projects,"wedding hall case study; hotel ballroom project",Commercial,View Project Cases,1
Oscar Ballroom Case,/projects/oscar-ballroom-renovation,banquet hall renovation case study,"wedding hall ROI; ballroom renovation result",Commercial,Request Similar Proposal,1
Engineering Capability,/engineering,banquet hall engineering,"procurement; construction; installation guidance; quality control",Commercial,Discuss Project Delivery,1
About,/about,banquet hall design company,"Foshan banquet hall company; LEDUSS; Dingsheng",Commercial,Learn About LEDUSS,1
Contact,/contact,banquet hall project consultation,"get quote; WhatsApp banquet hall design",Transactional,WhatsApp Now,1
Malaysia Market,/markets/banquet-hall-design-malaysia,banquet hall design Malaysia,"wedding venue design Malaysia; hotel ballroom renovation Malaysia",Commercial,Request Malaysia Proposal,2
UAE Market,/markets/banquet-hall-design-uae,banquet hall design UAE,"banquet hall construction UAE; turnkey banquet hall UAE",Commercial,Discuss UAE Project,2
Saudi Market,/markets/wedding-hall-design-saudi-arabia,wedding hall design Saudi Arabia,"luxury wedding hall Saudi Arabia; banquet hall design Saudi",Commercial,Request Saudi Proposal,2
Kazakhstan Market,/markets/banquet-hall-epc-kazakhstan,banquet hall EPC contractor Kazakhstan,"turnkey banquet hall Kazakhstan; Central Asia EPC",Transactional,Talk to EPC Team,2
Uzbekistan Market,/markets/wedding-hall-design-uzbekistan,wedding hall design Uzbekistan,"banquet hall design Uzbekistan; wedding venue design Uzbekistan",Commercial,Request Design Proposal,2
Blog,/blog,banquet hall design guide,"cost; renovation; layout; ceiling; lighting",Informational,Read Guides,2
Download Center,/download,banquet hall catalog download,"company profile; project catalog; service brochure",Lead capture,Download Catalog,2
